target,framework,step,test_mse,train_ms
offset,tinymlp,0,0.328852,0.000
offset,tinymlp,25,0.0821844,178.492
offset,tinymlp,50,0.067769,351.748
offset,tinymlp,100,0.0427753,698.028
offset,tinymlp,200,0.0202838,1390.688
offset,tinymlp,400,0.0144277,2776.609
offset,tinymlp,700,0.0123246,4856.095
offset,tinymlp,1000,0.0116022,6935.492
offset,tinymlp,1500,0.0109509,10401.720
offset,tinymlp,2000,0.0104212,13869.283
offset,tinymlp,3000,0.00991829,20810.432
offset,tinymlp_nobias,0,0.328852,0.000
offset,tinymlp_nobias,25,0.0880988,173.412
offset,tinymlp_nobias,50,0.0728617,346.840
offset,tinymlp_nobias,100,0.0502708,693.816
offset,tinymlp_nobias,200,0.0240845,1387.698
offset,tinymlp_nobias,400,0.0150917,2775.394
offset,tinymlp_nobias,700,0.0133604,4856.895
offset,tinymlp_nobias,1000,0.0128419,6938.792
offset,tinymlp_nobias,1500,0.011981,10413.023
offset,tinymlp_nobias,2000,0.010976,13888.596
offset,tinymlp_nobias,3000,0.0104214,20841.402
offset,tinymlp_nobias_tcnninit,0,0.329364,0.000
offset,tinymlp_nobias_tcnninit,25,0.0758424,173.769
offset,tinymlp_nobias_tcnninit,50,0.0563005,347.549
offset,tinymlp_nobias_tcnninit,100,0.0328583,695.103
offset,tinymlp_nobias_tcnninit,200,0.0191784,1390.351
offset,tinymlp_nobias_tcnninit,400,0.0139835,2781.043
offset,tinymlp_nobias_tcnninit,700,0.0130563,4867.280
offset,tinymlp_nobias_tcnninit,1000,0.0123898,6954.821
offset,tinymlp_nobias_tcnninit,1500,0.0118591,10435.021
offset,tinymlp_nobias_tcnninit,2000,0.0112358,13915.352
offset,tinymlp_nobias_tcnninit,3000,0.0106193,20876.484
offset,tcnn,0,0.32936,0.000
offset,tcnn,25,0.0715885,138.318
offset,tcnn,50,0.0483498,273.529
offset,tcnn,100,0.0275156,543.902
offset,tcnn,200,0.0187396,1084.684
offset,tcnn,400,0.0143757,2166.162
offset,tcnn,700,0.013132,3788.119
offset,tcnn,1000,0.0123832,5410.199
offset,tcnn,1500,0.0116423,8113.208
offset,tcnn,2000,0.0111265,10816.222
offset,tcnn,3000,0.0105237,16222.037
zeromean,tinymlp,0,0.0801352,0.000
zeromean,tinymlp,25,0.0389355,174.034
zeromean,tinymlp,50,0.0256398,348.078
zeromean,tinymlp,100,0.0201037,696.134
zeromean,tinymlp,200,0.0152763,1392.499
zeromean,tinymlp,400,0.0131336,2786.182
zeromean,tinymlp,700,0.0117234,4876.211
zeromean,tinymlp,1000,0.0110087,6966.764
zeromean,tinymlp,1500,0.0105368,10450.909
zeromean,tinymlp,2000,0.0102849,13935.167
zeromean,tinymlp,3000,0.00998541,20903.561
zeromean,tinymlp_nobias,0,0.0801352,0.000
zeromean,tinymlp_nobias,25,0.0410351,174.142
zeromean,tinymlp_nobias,50,0.0260384,348.279
zeromean,tinymlp_nobias,100,0.0189758,696.632
zeromean,tinymlp_nobias,200,0.0149174,1393.416
zeromean,tinymlp_nobias,400,0.0134129,2786.608
zeromean,tinymlp_nobias,700,0.0116294,4876.419
zeromean,tinymlp_nobias,1000,0.0109235,6966.547
zeromean,tinymlp_nobias,1500,0.0106706,10450.166
zeromean,tinymlp_nobias,2000,0.0104107,13933.729
zeromean,tinymlp_nobias,3000,0.0099577,20900.873
zeromean,tinymlp_nobias_tcnninit,0,0.08008,0.000
zeromean,tinymlp_nobias_tcnninit,25,0.0332514,174.202
zeromean,tinymlp_nobias_tcnninit,50,0.0214609,348.358
zeromean,tinymlp_nobias_tcnninit,100,0.0189296,696.711
zeromean,tinymlp_nobias_tcnninit,200,0.0181287,1393.324
zeromean,tinymlp_nobias_tcnninit,400,0.0134652,2786.869
zeromean,tinymlp_nobias_tcnninit,700,0.0118502,4876.840
zeromean,tinymlp_nobias_tcnninit,1000,0.0110736,6966.996
zeromean,tinymlp_nobias_tcnninit,1500,0.0107094,10450.402
zeromean,tinymlp_nobias_tcnninit,2000,0.010496,13933.528
zeromean,tinymlp_nobias_tcnninit,3000,0.0103185,20899.920
zeromean,tcnn,0,0.0800801,0.000
zeromean,tcnn,25,0.0351836,137.682
zeromean,tcnn,50,0.0225591,273.058
zeromean,tcnn,100,0.0171168,543.665
zeromean,tcnn,200,0.0149282,1084.913
zeromean,tcnn,400,0.0134385,2167.227
zeromean,tcnn,700,0.0118196,3790.542
zeromean,tcnn,1000,0.0113798,5413.957
zeromean,tcnn,1500,0.0107583,8119.320
zeromean,tcnn,2000,0.0106132,10824.672
zeromean,tcnn,3000,0.00987709,16234.719
