framework,step,test_mse,train_ms
tinymlp,0,0.328852,0.000
tinymlp,25,0.0821844,174.014
tinymlp,50,0.0677689,348.104
tinymlp,100,0.0427754,696.296
tinymlp,200,0.0202964,1392.813
tinymlp,400,0.014314,2785.745
tinymlp,700,0.0122374,4875.221
tinymlp,1000,0.0115991,6964.775
tinymlp,1500,0.0109292,10447.259
tinymlp,2000,0.0104383,13930.188
tinymlp,3000,0.00990051,20894.973
tcnn,0,0.329361,0.000
tcnn,25,0.0715837,138.127
tcnn,50,0.0483479,273.493
tcnn,100,0.0275118,544.243
tcnn,200,0.0187433,1085.903
tcnn,400,0.0143738,2168.964
tcnn,700,0.0130782,3793.525
tcnn,1000,0.0124202,5418.394
tcnn,1500,0.0117428,8126.156
tcnn,2000,0.0114342,10833.589
tcnn,3000,0.0107314,16248.125
tcnn_jit,0,0.32936,0.000
tcnn_jit,25,0.0715885,357.397
tcnn_jit,50,0.0482849,652.539
tcnn_jit,100,0.0274652,1241.520
tcnn_jit,200,0.0187459,2423.856
tcnn_jit,400,0.0143628,4786.947
tcnn_jit,700,0.0130142,8330.558
tcnn_jit,1000,0.012477,11874.968
tcnn_jit,1500,0.0120821,17778.670
tcnn_jit,2000,0.0115252,23684.396
tcnn_jit,3000,0.0109512,35498.180
