framework,model,op,hidden,layers,batch,ms
tinymlp,mlp,inference,32,2,65536,0.05560
tinymlp,mlp,backward,32,2,65536,0.06327
tinymlp,mlp,train,32,2,65536,0.18886
tcnn,mlp,inference,32,2,65536,0.06771
tcnn,mlp,backward,32,2,65536,0.10641
tcnn,mlp,train,32,2,65536,0.21401
tcnn_jit,mlp,inference,32,2,65536,0.02266
tcnn_jit,mlp,train,32,2,65536,0.19642
tinymlp,hashgrid,inference,32,2,65536,0.25114
tinymlp,hashgrid,backward,32,2,65536,1.31894
tinymlp,hashgrid,train,32,2,65536,3.59950
tcnn,hashgrid,inference,32,2,65536,0.22241
tcnn,hashgrid,backward,32,2,65536,0.57851
tcnn,hashgrid,train,32,2,65536,2.43869
tcnn_jit,hashgrid,inference,32,2,65536,0.23567
tcnn_jit,hashgrid,train,32,2,65536,4.14300
tinymlp,mlp,inference,32,2,262144,0.20554
tinymlp,mlp,backward,32,2,262144,0.29208
tinymlp,mlp,train,32,2,262144,0.96364
tcnn,mlp,inference,32,2,262144,0.43584
tcnn,mlp,backward,32,2,262144,0.51712
tcnn,mlp,train,32,2,262144,1.02202
tcnn_jit,mlp,inference,32,2,262144,0.22105
tcnn_jit,mlp,train,32,2,262144,0.70376
tinymlp,hashgrid,inference,32,2,262144,0.92218
tinymlp,hashgrid,backward,32,2,262144,3.55423
tinymlp,hashgrid,train,32,2,262144,6.78434
tcnn,hashgrid,inference,32,2,262144,0.86460
tcnn,hashgrid,backward,32,2,262144,2.10623
tcnn,hashgrid,train,32,2,262144,4.90594
tcnn_jit,hashgrid,inference,32,2,262144,0.91521
tcnn_jit,hashgrid,train,32,2,262144,11.29742
tinymlp,mlp,inference,32,2,1048576,0.82644
tinymlp,mlp,backward,32,2,1048576,1.02857
tinymlp,mlp,train,32,2,1048576,3.79508
tcnn,mlp,inference,32,2,1048576,1.99571
tcnn,mlp,backward,32,2,1048576,2.30973
tcnn,mlp,train,32,2,1048576,5.14157
tcnn_jit,mlp,inference,32,2,1048576,0.86041
tcnn_jit,mlp,train,32,2,1048576,2.71968
tinymlp,hashgrid,inference,32,2,1048576,3.62100
tinymlp,hashgrid,backward,32,2,1048576,12.08033
tinymlp,hashgrid,train,32,2,1048576,18.57065
tcnn,hashgrid,inference,32,2,1048576,3.64619
tcnn,hashgrid,backward,32,2,1048576,8.14667
tcnn,hashgrid,train,32,2,1048576,14.13373
tcnn_jit,hashgrid,inference,32,2,1048576,3.62250
tcnn_jit,hashgrid,train,32,2,1048576,39.32243
tinymlp,mlp,inference,32,4,65536,0.06688
tinymlp,mlp,backward,32,4,65536,0.12887
tinymlp,mlp,train,32,4,65536,0.31772
tcnn,mlp,inference,32,4,65536,0.07028
tcnn,mlp,backward,32,4,65536,0.16296
tcnn,mlp,train,32,4,65536,0.29783
tcnn_jit,mlp,inference,32,4,65536,0.03060
tcnn_jit,mlp,train,32,4,65536,0.24153
tinymlp,hashgrid,inference,32,4,65536,0.25680
tinymlp,hashgrid,backward,32,4,65536,1.41069
tinymlp,hashgrid,train,32,4,65536,3.76342
tcnn,hashgrid,inference,32,4,65536,0.22837
tcnn,hashgrid,backward,32,4,65536,0.65782
tcnn,hashgrid,train,32,4,65536,2.49661
tcnn_jit,hashgrid,inference,32,4,65536,0.23427
tcnn_jit,hashgrid,train,32,4,65536,4.30191
tinymlp,mlp,inference,32,4,262144,0.22793
tinymlp,mlp,backward,32,4,262144,0.58139
tinymlp,mlp,train,32,4,262144,1.39370
tcnn,mlp,inference,32,4,262144,0.44285
tcnn,mlp,backward,32,4,262144,1.09807
tcnn,mlp,train,32,4,262144,1.87494
tcnn_jit,mlp,inference,32,4,262144,0.22063
tcnn_jit,mlp,train,32,4,262144,0.87412
tinymlp,hashgrid,inference,32,4,262144,0.93975
tinymlp,hashgrid,backward,32,4,262144,3.92267
tinymlp,hashgrid,train,32,4,262144,7.44799
tcnn,hashgrid,inference,32,4,262144,0.88634
tcnn,hashgrid,backward,32,4,262144,2.78214
tcnn,hashgrid,train,32,4,262144,5.69776
tcnn_jit,hashgrid,inference,32,4,262144,0.90051
tcnn_jit,hashgrid,train,32,4,262144,12.03063
tinymlp,mlp,inference,32,4,1048576,0.84678
tinymlp,mlp,backward,32,4,1048576,2.20283
tinymlp,mlp,train,32,4,1048576,5.52134
tcnn,mlp,inference,32,4,1048576,1.99857
tcnn,mlp,backward,32,4,1048576,4.65648
tcnn,mlp,train,32,4,1048576,7.91859
tcnn_jit,mlp,inference,32,4,1048576,0.85852
tcnn_jit,mlp,train,32,4,1048576,3.38725
tinymlp,hashgrid,inference,32,4,1048576,3.66401
tinymlp,hashgrid,backward,32,4,1048576,13.65825
tinymlp,hashgrid,train,32,4,1048576,21.23114
tcnn,hashgrid,inference,32,4,1048576,3.70900
tcnn,hashgrid,backward,32,4,1048576,10.22147
tcnn,hashgrid,train,32,4,1048576,16.76675
tcnn_jit,hashgrid,inference,32,4,1048576,3.55826
tcnn_jit,hashgrid,train,32,4,1048576,42.60848
tinymlp,mlp,inference,64,2,65536,0.09625
tinymlp,mlp,backward,64,2,65536,0.13829
tinymlp,mlp,train,64,2,65536,0.42451
tcnn,mlp,inference,64,2,65536,0.16957
tcnn,mlp,backward,64,2,65536,0.14963
tcnn,mlp,train,64,2,65536,0.40920
tcnn_jit,mlp,inference,64,2,65536,0.04372
tcnn_jit,mlp,train,64,2,65536,0.52483
tinymlp,hashgrid,inference,64,2,65536,0.21736
tinymlp,hashgrid,backward,64,2,65536,1.37725
tinymlp,hashgrid,train,64,2,65536,3.60231
tcnn,hashgrid,inference,64,2,65536,0.23915
tcnn,hashgrid,backward,64,2,65536,0.62909
tcnn,hashgrid,train,64,2,65536,2.48496
tcnn_jit,hashgrid,inference,64,2,65536,0.24680
tcnn_jit,hashgrid,train,64,2,65536,4.31955
tinymlp,mlp,inference,64,2,262144,0.41116
tinymlp,mlp,backward,64,2,262144,0.58378
tinymlp,mlp,train,64,2,262144,1.94441
tcnn,mlp,inference,64,2,262144,0.99308
tcnn,mlp,backward,64,2,262144,1.13572
tcnn,mlp,train,64,2,262144,2.43255
tcnn_jit,mlp,inference,64,2,262144,0.43203
tcnn_jit,mlp,train,64,2,262144,1.94280
tinymlp,hashgrid,inference,64,2,262144,0.85575
tinymlp,hashgrid,backward,64,2,262144,3.75450
tinymlp,hashgrid,train,64,2,262144,6.90544
tcnn,hashgrid,inference,64,2,262144,0.95014
tcnn,hashgrid,backward,64,2,262144,2.50288
tcnn,hashgrid,train,64,2,262144,5.42265
tcnn_jit,hashgrid,inference,64,2,262144,0.94884
tcnn_jit,hashgrid,train,64,2,262144,11.89383
tinymlp,mlp,inference,64,2,1048576,1.64946
tinymlp,mlp,backward,64,2,1048576,2.22774
tinymlp,mlp,train,64,2,1048576,7.76341
tcnn,mlp,inference,64,2,1048576,3.99385
tcnn,mlp,backward,64,2,1048576,4.64876
tcnn,mlp,train,64,2,1048576,10.21877
tcnn_jit,mlp,inference,64,2,1048576,1.70639
tcnn_jit,mlp,train,64,2,1048576,7.36618
tinymlp,hashgrid,inference,64,2,1048576,3.37549
tinymlp,hashgrid,backward,64,2,1048576,13.02582
tinymlp,hashgrid,train,64,2,1048576,19.30867
tcnn,hashgrid,inference,64,2,1048576,3.98118
tcnn,hashgrid,backward,64,2,1048576,9.51228
tcnn,hashgrid,train,64,2,1048576,16.04063
tcnn_jit,hashgrid,inference,64,2,1048576,3.77228
tcnn_jit,hashgrid,train,64,2,1048576,41.67557
tinymlp,mlp,inference,64,4,65536,0.14551
tinymlp,mlp,backward,64,4,65536,0.36811
tinymlp,mlp,train,64,4,65536,0.70960
tcnn,mlp,inference,64,4,65536,0.17432
tcnn,mlp,backward,64,4,65536,0.48754
tcnn,mlp,train,64,4,65536,0.70224
tcnn_jit,mlp,inference,64,4,65536,0.06096
tcnn_jit,mlp,train,64,4,65536,0.60224
tinymlp,hashgrid,inference,64,4,65536,0.25380
tinymlp,hashgrid,backward,64,4,65536,1.54743
tinymlp,hashgrid,train,64,4,65536,3.92882
tcnn,hashgrid,inference,64,4,65536,0.26351
tcnn,hashgrid,backward,64,4,65536,0.92180
tcnn,hashgrid,train,64,4,65536,2.81306
tcnn_jit,hashgrid,inference,64,4,65536,0.24045
tcnn_jit,hashgrid,train,64,4,65536,4.15146
tinymlp,mlp,inference,64,4,262144,0.53507
tinymlp,mlp,backward,64,4,262144,1.34458
tinymlp,mlp,train,64,4,262144,2.98745
tcnn,mlp,inference,64,4,262144,0.99557
tcnn,mlp,backward,64,4,262144,2.27264
tcnn,mlp,train,64,4,262144,3.91741
tcnn_jit,mlp,inference,64,4,262144,0.43188
tcnn_jit,mlp,train,64,4,262144,2.32441
tinymlp,hashgrid,inference,64,4,262144,0.94177
tinymlp,hashgrid,backward,64,4,262144,4.53494
tinymlp,hashgrid,train,64,4,262144,8.31491
tcnn,hashgrid,inference,64,4,262144,1.03222
tcnn,hashgrid,backward,64,4,262144,3.64642
tcnn,hashgrid,train,64,4,262144,6.87516
tcnn_jit,hashgrid,inference,64,4,262144,0.92607
tcnn_jit,hashgrid,train,64,4,262144,11.51535
tinymlp,mlp,inference,64,4,1048576,2.08732
tinymlp,mlp,backward,64,4,1048576,5.26847
tinymlp,mlp,train,64,4,1048576,11.89526
tcnn,mlp,inference,64,4,1048576,3.98015
tcnn,mlp,backward,64,4,1048576,9.12029
tcnn,mlp,train,64,4,1048576,15.87064
tcnn_jit,mlp,inference,64,4,1048576,1.70598
tcnn_jit,mlp,train,64,4,1048576,9.26206
tinymlp,hashgrid,inference,64,4,1048576,3.69083
tinymlp,hashgrid,backward,64,4,1048576,16.12172
tinymlp,hashgrid,train,64,4,1048576,25.12486
tcnn,hashgrid,inference,64,4,1048576,4.27233
tcnn,hashgrid,backward,64,4,1048576,13.90688
tcnn,hashgrid,train,64,4,1048576,21.44254
tcnn_jit,hashgrid,inference,64,4,1048576,3.65193
tcnn_jit,hashgrid,train,64,4,1048576,40.42937
tinymlp,mlp,inference,128,2,65536,0.25945
tinymlp,mlp,backward,128,2,65536,0.62298
tinymlp,mlp,train,128,2,65536,1.29427
tcnn,mlp,inference,128,2,65536,0.41605
tcnn,mlp,backward,128,2,65536,0.48628
tcnn,mlp,train,128,2,65536,1.00076
tcnn_jit,mlp,inference,128,2,65536,0.22303
tcnn_jit,mlp,train,128,2,65536,1.89010
tinymlp,hashgrid,inference,128,2,65536,0.27865
tinymlp,hashgrid,backward,128,2,65536,1.63782
tinymlp,hashgrid,train,128,2,65536,3.93487
tcnn,hashgrid,inference,128,2,65536,0.27129
tcnn,hashgrid,backward,128,2,65536,0.68746
tcnn,hashgrid,train,128,2,65536,2.62653
tcnn_jit,hashgrid,inference,128,2,65536,0.23740
tcnn_jit,hashgrid,train,128,2,65536,4.24678
tinymlp,mlp,inference,128,2,262144,0.99895
tinymlp,mlp,backward,128,2,262144,2.41166
tinymlp,mlp,train,128,2,262144,5.16956
tcnn,mlp,inference,128,2,262144,1.97745
tcnn,mlp,backward,128,2,262144,2.46472
tcnn,mlp,train,128,2,262144,5.11044
tcnn_jit,mlp,inference,128,2,262144,0.85572
tcnn_jit,mlp,train,128,2,262144,7.29211
tinymlp,hashgrid,inference,128,2,262144,1.10415
tinymlp,hashgrid,backward,128,2,262144,4.87853
tinymlp,hashgrid,train,128,2,262144,8.40523
tcnn,hashgrid,inference,128,2,262144,1.10619
tcnn,hashgrid,backward,128,2,262144,3.15672
tcnn,hashgrid,train,128,2,262144,6.34221
tcnn_jit,hashgrid,inference,128,2,262144,0.90572
tcnn_jit,hashgrid,train,128,2,262144,11.63216
tinymlp,mlp,inference,128,2,1048576,3.95843
tinymlp,mlp,backward,128,2,1048576,9.52190
tinymlp,mlp,train,128,2,1048576,20.56861
tcnn,mlp,inference,128,2,1048576,7.96397
tcnn,mlp,backward,128,2,1048576,9.12185
tcnn,mlp,train,128,2,1048576,20.52192
tcnn_jit,mlp,inference,128,2,1048576,3.38500
tcnn_jit,mlp,train,128,2,1048576,28.53922
tinymlp,hashgrid,inference,128,2,1048576,4.39316
tinymlp,hashgrid,backward,128,2,1048576,17.51755
tinymlp,hashgrid,train,128,2,1048576,25.50019
tcnn,hashgrid,inference,128,2,1048576,4.61667
tcnn,hashgrid,backward,128,2,1048576,11.84958
tcnn,hashgrid,train,128,2,1048576,19.40269
tcnn_jit,hashgrid,inference,128,2,1048576,3.57738
tcnn_jit,hashgrid,train,128,2,1048576,40.31652
tinymlp,mlp,inference,128,4,65536,0.44614
tinymlp,mlp,backward,128,4,65536,1.33057
tinymlp,mlp,train,128,4,65536,2.23822
tcnn,mlp,inference,128,4,65536,0.46648
tcnn,mlp,backward,128,4,65536,1.13804
tcnn,mlp,train,128,4,65536,1.89676
tcnn_jit,mlp,inference,128,4,65536,0.23828
tcnn_jit,mlp,train,128,4,65536,3.04701
tinymlp,hashgrid,inference,128,4,65536,0.44885
tinymlp,hashgrid,backward,128,4,65536,2.25638
tinymlp,hashgrid,train,128,4,65536,4.83289
tcnn,hashgrid,inference,128,4,65536,0.36501
tcnn,hashgrid,backward,128,4,65536,1.39532
tcnn,hashgrid,train,128,4,65536,3.46241
tcnn_jit,hashgrid,inference,128,4,65536,0.22840
tcnn_jit,hashgrid,train,128,4,65536,5.99451
tinymlp,mlp,inference,128,4,262144,1.73632
tinymlp,mlp,backward,128,4,262144,5.23520
tinymlp,mlp,train,128,4,262144,8.93429
tcnn,mlp,inference,128,4,262144,2.09967
tcnn,mlp,backward,128,4,262144,4.58223
tcnn,mlp,train,128,4,262144,7.96010
tcnn_jit,mlp,inference,128,4,262144,0.87525
tcnn_jit,mlp,train,128,4,262144,11.78743
tinymlp,hashgrid,inference,128,4,262144,1.74749
tinymlp,hashgrid,backward,128,4,262144,7.40318
tinymlp,hashgrid,train,128,4,262144,12.15440
tcnn,hashgrid,inference,128,4,262144,1.43438
tcnn,hashgrid,backward,128,4,262144,5.40863
tcnn,hashgrid,train,128,4,262144,9.16653
tcnn_jit,hashgrid,inference,128,4,262144,0.82626
tcnn_jit,hashgrid,train,128,4,262144,18.71151
tinymlp,mlp,inference,128,4,1048576,6.89077
tinymlp,mlp,backward,128,4,1048576,20.90953
tinymlp,mlp,train,128,4,1048576,35.73815
tcnn,mlp,inference,128,4,1048576,8.32137
tcnn,mlp,backward,128,4,1048576,18.13947
tcnn,mlp,train,128,4,1048576,31.75520
tcnn_jit,mlp,inference,128,4,1048576,3.44030
tcnn_jit,mlp,train,128,4,1048576,46.78506
tinymlp,hashgrid,inference,128,4,1048576,6.94675
tinymlp,hashgrid,backward,128,4,1048576,27.52744
tinymlp,hashgrid,train,128,4,1048576,40.64597
tcnn,hashgrid,inference,128,4,1048576,5.84149
tcnn,hashgrid,backward,128,4,1048576,20.79722
tcnn,hashgrid,train,128,4,1048576,30.46250
tcnn_jit,hashgrid,inference,128,4,1048576,3.22239
tcnn_jit,hashgrid,train,128,4,1048576,68.69142
tinymlp,nerf_color,inference,32,3,65536,0.04747
tinymlp,nerf_color,backward,32,3,65536,0.08868
tinymlp,nerf_color,train,32,3,65536,0.17993
tcnn,nerf_color,inference,32,3,65536,0.01785
tcnn,nerf_color,backward,32,3,65536,0.12562
tcnn,nerf_color,train,32,3,65536,0.11529
tcnn_jit,nerf_color,inference,32,3,65536,0.01658
tcnn_jit,nerf_color,train,32,3,65536,0.05600
tinymlp,nerf_color,inference,32,3,262144,0.16838
tinymlp,nerf_color,backward,32,3,262144,0.39782
tinymlp,nerf_color,train,32,3,262144,0.79872
tcnn,nerf_color,inference,32,3,262144,0.05206
tcnn,nerf_color,backward,32,3,262144,0.80043
tcnn,nerf_color,train,32,3,262144,1.02375
tcnn_jit,nerf_color,inference,32,3,262144,0.04314
tcnn_jit,nerf_color,train,32,3,262144,0.18349
tinymlp,nerf_color,inference,32,3,1048576,0.75727
tinymlp,nerf_color,backward,32,3,1048576,1.51735
tinymlp,nerf_color,train,32,3,1048576,3.43545
tcnn,nerf_color,inference,32,3,1048576,0.59406
tcnn,nerf_color,backward,32,3,1048576,3.23600
tcnn,nerf_color,train,32,3,1048576,4.78863
tcnn_jit,nerf_color,inference,32,3,1048576,0.32986
tcnn_jit,nerf_color,train,32,3,1048576,0.74436
